customer_id,first_name,last_name,email,phone,address
1,Grégoire,Martin,mercieranastasie@examplebank.com,+33 6 66 03 58 08,"64, boulevard Morel, 35454 LefèvreBourg"
2,Xavier,Louis,ebertin@examplebank.com,+33 6 95 95 31 07,"85, chemin Pons, 86644 Parent"
3,Michel,Tessier,yves23@examplebank.com,+33 6 28 45 18 87,"142, rue Manon Leblanc, 60774 Maillet-sur-Mer"
4,Odette,Brunet,valerie25@examplebank.com,+33 6 58 23 86 03,"13, avenue Guillou, 80304 Ferrandboeuf"
5,Jeannine,Martin,denisjourdan@examplebank.com,+33 6 71 90 20 29,"3, rue Laurent Leleu, 59294 Loiseau"
6,Thierry,Brunel,frederique50@examplebank.com,+33 6 60 44 58 99,"86, avenue de Regnier, 93313 Letellier"
7,Susanne,Pruvost,wcarre@examplebank.com,+33 6 07 86 35 14,"48, rue Jérôme Marin, 10479 Alves"
8,Simone,Lefebvre,nathalie27@examplebank.com,+33 6 51 42 38 40,"34, rue Noémi Riou, 05395 Brunel-la-Forêt"
9,Élisabeth,Bernier,davidtecher@examplebank.com,+33 6 02 81 94 17,"94, chemin André Lenoir, 66904 Tessier-la-Forêt"
10,Simone,Allain,bernierjosephine@examplebank.com,+33 6 05 42 08 25,"55, boulevard Émile Rivière, 24847 Allard"
11,Constance,Baron,philippedubois@examplebank.com,+33 6 94 00 66 53,"86, chemin Lemaire, 05334 Rodriguez"
12,Noël,Lucas,martineremy@examplebank.com,+33 6 74 10 00 90,"20, avenue Benjamin Aubry, 66858 Raynaudboeuf"
13,Thibaut,Didier,costematthieu@examplebank.com,+33 6 44 50 71 22,"646, rue de Normand, 46300 Mace"
14,Émile,Le Goff,cmace@examplebank.com,+33 6 64 87 15 81,"89, rue de Fouquet, 38429 Carondan"
15,Pierre,Coulon,opierre@examplebank.com,+33 6 58 29 40 52,"rue Bouvier, 07434 Turpin"
16,François,Lemoine,paulettedupuy@examplebank.com,+33 6 77 30 76 67,"34, avenue Jules Gay, 68763 Ruiz"
17,Catherine,Turpin,kgaudin@examplebank.com,+33 6 71 78 83 64,"rue Torres, 09493 Sainte Audrey"
18,Jeannine,Dupuy,manonleclercq@examplebank.com,+33 6 70 94 28 13,"331, rue Marianne Delahaye, 57807 Renault-sur-Mer"
19,Emmanuel,Roux,rene05@examplebank.com,+33 6 21 78 50 22,"15, rue Collet, 88413 Sainte Valérie-les-Bains"
20,Stéphane,Lacombe,louis28@examplebank.com,+33 6 53 49 22 89,"99, rue Franck Thibault, 90129 Albert-sur-Mer"
21,Benoît,Roy,xtessier@examplebank.com,+33 6 71 71 79 62,"2, boulevard de Hamon, 83900 ThomasVille"
22,Aimée,Laporte,morelfrederique@examplebank.com,+33 6 28 37 50 48,"61, boulevard de Maillard, 45686 Lecoq"
23,Catherine,Didier,auguste67@examplebank.com,+33 6 42 58 97 55,"483, rue Perrot, 52316 Joubert"
24,Étienne,Delahaye,pgodard@examplebank.com,+33 6 44 79 95 47,"rue Jeanne Lecomte, 79776 Mathieu-sur-Gros"
25,Véronique,Paris,daniel04@examplebank.com,+33 6 37 21 27 53,"637, chemin Susan Dubois, 33539 Thomas"
26,Augustin,Guillaume,robertetienne@examplebank.com,+33 6 11 78 66 17,"4, rue Grégoire Picard, 61471 Saint Lucie"
27,René,Ferreira,thierry14@examplebank.com,+33 6 31 54 47 00,"601, rue de Fournier, 31731 Saint Manondan"
28,Noël,Normand,margauxribeiro@examplebank.com,+33 6 71 90 30 45,"37, rue Arthur Menard, 35143 Thomas"
29,Lucie,Lemonnier,rcollin@examplebank.com,+33 6 31 66 39 79,"23, rue Hélène Adam, 82591 Bonneau-sur-Mer"
30,Michelle,Perrot,olivierfournier@examplebank.com,+33 6 69 82 47 16,"avenue Dominique Jacquot, 15600 Pelletier"
31,Océane,Maillet,mariejoseph@examplebank.com,+33 6 94 84 47 93,"75, rue de Lombard, 79320 Navarro-sur-Mer"
32,Simone,Letellier,lpires@examplebank.com,+33 6 64 01 94 90,"42, avenue de Jacques, 20196 Saint LucieVille"
33,Brigitte,Ollivier,alfred92@examplebank.com,+33 6 50 37 64 96,"54, avenue Marthe Prévost, 16735 Costa"
34,Odette,Gallet,julietteroy@examplebank.com,+33 6 54 13 98 21,"1, boulevard Henriette Marques, 85275 Saint JosephVille"
35,Daniel,Hamon,michele80@examplebank.com,+33 6 95 63 96 60,"9, rue Gay, 60279 Maury"
36,Simone,Hervé,nmunoz@examplebank.com,+33 6 44 08 97 26,"chemin de Gosselin, 97681 Benoit"
37,Luc,Le Roux,hmarion@examplebank.com,+33 6 37 27 25 70,"61, rue Martin Grenier, 87176 Guillou"
38,Alexandrie,Lévêque,navarroeleonore@examplebank.com,+33 6 38 70 05 50,"5, avenue Lacroix, 83999 Michaudnec"
39,Claire,David,raymondjoseph@examplebank.com,+33 6 92 84 77 39,"4, rue Bertrand Da Silva, 36538 Saint Adrien"
40,Bertrand,Gomes,thibaultduval@examplebank.com,+33 6 80 10 29 93,"rue Antoinette Couturier, 29177 Sainte AiméBourg"
41,Thierry,Martins,pierre38@examplebank.com,+33 6 51 88 58 09,"39, avenue Madeleine Mallet, 20537 Lesage-sur-Godard"
42,Susanne,Guilbert,cordiercamille@examplebank.com,+33 6 52 06 39 39,"7, rue Anne Fleury, 97377 Albert"
43,Édouard,Thomas,susan59@examplebank.com,+33 6 62 38 34 76,"boulevard de Chrétien, 04210 Gilles"
44,Claude,Gosselin,bernardroland@examplebank.com,+33 6 41 47 62 45,"rue Élisabeth Bousquet, 37814 Buissonnec"
45,Stéphanie,Camus,boulangerdaniel@examplebank.com,+33 6 50 74 52 91,"6, boulevard Gosselin, 32258 Gonzalez"
46,Françoise,Roy,bonneaususanne@examplebank.com,+33 6 65 59 08 70,"2, rue Bonnin, 07788 Lopez"
47,Thérèse,Rossi,franckmartineau@examplebank.com,+33 6 96 95 77 92,"94, chemin Théophile Hardy, 04613 NormandVille"
48,Élodie,Picard,gautiergenevieve@examplebank.com,+33 6 28 79 38 33,"rue de Merle, 87195 Hebertdan"
49,Daniel,Da Silva,hjacob@examplebank.com,+33 6 62 50 82 73,"53, rue de Roux, 40318 Raymond-sur-Chauvet"
50,Lucas,Maillot,tcoulon@examplebank.com,+33 6 74 47 11 43,"620, rue Michèle Mallet, 33219 Saint PatriciaVille"
51,Henriette,Gilbert,jean45@examplebank.com,+33 6 44 79 95 15,"73, chemin Laurent, 01902 Saint ArthurBourg"
52,Laurent,Lévêque,oleleu@examplebank.com,+33 6 02 19 75 64,"57, rue Giraud, 78325 Lopez-sur-Caron"
53,Gabrielle,Lenoir,simone13@examplebank.com,+33 6 63 48 07 55,"92, rue de Leduc, 29873 Léger-sur-Munoz"
54,Marguerite,Collet,vincentjoseph@examplebank.com,+33 6 47 30 83 28,"chemin de Guilbert, 38364 Saint Hugues"
55,Sabine,Léger,vmorel@examplebank.com,+33 6 37 73 61 84,"2, rue de Gay, 20240 Petitdan"
56,Maryse,Gros,laurent54@examplebank.com,+33 6 66 09 13 61,"20, boulevard Fernandes, 87733 Saint Amélie"
57,Charlotte,Martins,clemenceleconte@examplebank.com,+33 6 46 12 94 31,"91, rue de Faivre, 62488 Rey"
58,Jules,Toussaint,roger71@examplebank.com,+33 6 15 27 50 95,"rue de Moreau, 83407 Bernardnec"
59,Théophile,Nicolas,renee61@examplebank.com,+33 6 13 59 76 51,"avenue Bourgeois, 68965 Rivièreboeuf"
60,Denis,Letellier,simone34@examplebank.com,+33 6 53 20 70 75,"4, rue Nicolas Hoareau, 58390 Saint NoémiVille"
61,Nathalie,Giraud,audreyperrin@examplebank.com,+33 6 16 32 82 32,"59, rue Virginie Clément, 71775 Sainte René"
62,Lorraine,Louis,antoine20@examplebank.com,+33 6 45 79 25 53,"1, rue de Fernandez, 15838 Lemaître"
63,Jacques,Descamps,maillardpatrick@examplebank.com,+33 6 14 45 64 49,"59, avenue de Thierry, 46398 Poulain"
64,Édouard,Bodin,blanchardchristiane@examplebank.com,+33 6 94 32 01 05,"58, avenue Georges, 46767 Texier"
65,Jérôme,Payet,baillyemmanuelle@examplebank.com,+33 6 98 13 92 93,"677, rue Laurent Perret, 94289 Riou"
66,Suzanne,Perrot,alexandria82@examplebank.com,+33 6 92 48 34 45,"37, chemin de Barbe, 23757 Saint Constance"
67,Bernadette,Samson,guillaume90@examplebank.com,+33 6 62 99 72 07,"avenue Michaud, 97444 Blanc"
68,Océane,Hoareau,christelle98@examplebank.com,+33 6 63 66 11 09,"71, rue Aurélie Le Gall, 09751 Leroux"
69,Margaud,Pasquier,genevieve30@examplebank.com,+33 6 62 23 08 55,"91, boulevard de Ruiz, 19862 Sainte Laurence"
70,Océane,Launay,giraudnoemi@examplebank.com,+33 6 09 38 13 32,"9, boulevard Bazin, 70878 Nguyennec"
71,Alice,Masse,pierrevincent@examplebank.com,+33 6 84 88 36 40,"32, boulevard de Teixeira, 51963 Pruvost-sur-Maurice"
72,Nathalie,Rousset,guillaumeblondel@examplebank.com,+33 6 64 33 06 05,"13, boulevard Maréchal, 40461 Normand"
73,Céline,Le Goff,lesagehenri@examplebank.com,+33 6 74 58 64 20,"199, avenue Leleu, 03512 Sainte Astridboeuf"
74,Denise,Delattre,margotbertrand@examplebank.com,+33 6 31 80 84 44,"33, chemin Bertrand Lefèvre, 56552 Vallet-sur-Lemoine"
75,Aurore,Marchand,iteixeira@examplebank.com,+33 6 60 52 99 47,"9, boulevard de Hebert, 90457 Lebrun-les-Bains"
76,Matthieu,Vaillant,bernardramos@examplebank.com,+33 6 68 86 98 34,"41, avenue Yves Caron, 37234 Saint Franck"
77,Claire,Nicolas,blanchetpaul@examplebank.com,+33 6 46 82 76 67,"20, chemin de Leclercq, 48632 Richard-sur-Poirier"
78,Olivier,Maurice,catherine94@examplebank.com,+33 6 32 63 67 88,"36, rue de Moulin, 77577 Cordier"
79,Henriette,Goncalves,rene72@examplebank.com,+33 6 91 02 16 44,"83, boulevard de Gonzalez, 36224 Saint Dorothée-la-Forêt"
80,Nath,Durand,ameliemarie@examplebank.com,+33 6 14 73 78 35,"25, avenue de Da Silva, 61242 Lucas"
81,Jean,Colas,luceremy@examplebank.com,+33 6 18 67 64 06,"7, rue de Pruvost, 71877 Bernierboeuf"
82,Aimé,Traore,lefevrealphonse@examplebank.com,+33 6 98 96 14 99,"53, rue Andre, 51152 Saint Margaux"
83,Vincent,Carlier,simone78@examplebank.com,+33 6 37 13 71 32,"2, chemin Hélène Jean, 41751 Devaux"
84,Renée,Roy,margauxle-gall@examplebank.com,+33 6 94 60 81 66,"7, avenue Faivre, 34293 Sainte Nathalie-sur-Mer"
85,Françoise,Blin,qhamel@examplebank.com,+33 6 41 65 63 15,"77, avenue Céline Bodin, 61375 Gérard-la-Forêt"
86,Élisabeth,Blot,didierhugues@examplebank.com,+33 6 35 92 14 58,"14, rue Vaillant, 97276 Saint Matthieu"
87,Agnès,Samson,bturpin@examplebank.com,+33 6 49 69 79 64,"15, rue de Guillaume, 97316 Mendès"
88,Luc,Bazin,chantal84@examplebank.com,+33 6 72 15 30 21,"81, avenue Alex Marin, 20230 Robinboeuf"
89,Victor,Godard,rantoine@examplebank.com,+33 6 30 36 99 08,"444, rue de Raynaud, 60806 Saint Raymond"
90,Michelle,Brunet,gillesbrigitte@examplebank.com,+33 6 62 11 18 53,"63, avenue Clerc, 67225 Leleu"
91,René,Humbert,odijoux@examplebank.com,+33 6 09 49 59 05,"boulevard de Fabre, 16853 Parent"
92,Tristan,Dupré,cmuller@examplebank.com,+33 6 26 53 58 60,"21, boulevard Gilbert, 76800 Saint Isaac"
93,Anouk,Bousquet,lleroy@examplebank.com,+33 6 38 57 53 88,"1, chemin Joseph, 30652 Langlois"
94,Antoinette,Dupuis,cpotier@examplebank.com,+33 6 93 07 02 19,"346, rue Briand, 86146 Fournier-sur-Godard"
95,Denise,Collin,claudinedubois@examplebank.com,+33 6 61 31 33 40,"96, avenue Sauvage, 78151 Marchand"
96,Yves,Marchal,laportehugues@examplebank.com,+33 6 18 97 85 69,"boulevard Laroche, 57861 Ollivier-sur-Rousset"
97,Stéphanie,Delattre,lboulay@examplebank.com,+33 6 69 51 01 55,"chemin de Laurent, 53792 Chauvet"
98,Cécile,Pascal,qguichard@examplebank.com,+33 6 81 67 42 61,"85, rue de Mathieu, 66268 Lefèvredan"
99,Benoît,Barbier,marcelle68@examplebank.com,+33 6 27 67 62 01,"83, boulevard Petitjean, 71554 Roy"
100,Élisabeth,Lucas,poulainmarine@examplebank.com,+33 6 39 98 83 86,"avenue Clément, 94627 Sainte Susannedan"
101,Adrienne,Ollivier,lucygonzalez@examplebank.com,+33 6 45 54 90 55,"boulevard Michel Imbert, 58335 Paulnec"
102,Gérard,Leclerc,ischneider@examplebank.com,+33 6 12 74 90 13,"2, chemin Bernadette Bernier, 85122 Millet-sur-Renault"
103,Benjamin,Caron,carolinepetit@examplebank.com,+33 6 45 82 55 89,"43, rue Richard, 20587 Sainte Mathildeboeuf"
104,Corinne,Joly,laurentanais@examplebank.com,+33 6 79 74 38 45,"1, rue Delmas, 13249 Costa"
105,Alfred,Hoarau,zpineau@examplebank.com,+33 6 19 75 30 49,"48, avenue Bigot, 54684 Mercier-sur-Mer"
106,Joseph,Marion,dcousin@examplebank.com,+33 6 86 83 65 19,"rue de Benoit, 24436 LeblancBourg"
107,Emmanuel,Charles,cecileberthelot@examplebank.com,+33 6 34 49 43 00,"59, rue Foucher, 31135 Dufour"
108,Geneviève,Rocher,llucas@examplebank.com,+33 6 04 53 60 11,"1, rue de Brunel, 15686 Peltier-sur-Lejeune"
109,Claude,Perret,emilie14@examplebank.com,+33 6 30 06 69 29,"470, rue Hubert, 28843 Chrétien"
110,Alexandre,Laporte,martinezalexandre@examplebank.com,+33 6 68 90 76 58,"11, rue de Boucher, 13496 AllardBourg"
111,Aurore,Ollivier,yboutin@examplebank.com,+33 6 75 96 54 09,"avenue Margot Rodriguez, 12450 GaillardVille"
112,Martin,Meyer,mpinto@examplebank.com,+33 6 39 75 69 22,"56, rue de Munoz, 49851 Legrand-sur-Bourdon"
113,Alix,Munoz,victoire16@examplebank.com,+33 6 13 35 54 50,"74, rue Sophie Brun, 62313 Da Costa"
114,Suzanne,Faure,margaret08@examplebank.com,+33 6 36 10 03 56,"16, rue Thomas, 33659 Chauvindan"
115,Bertrand,Ruiz,oliviemary@examplebank.com,+33 6 01 53 21 44,"rue de Wagner, 02395 Mallet"
116,Lucas,Lenoir,gle-goff@examplebank.com,+33 6 91 67 83 73,"11, boulevard de Barre, 37934 Guillon"
117,Joseph,Denis,xchauveau@examplebank.com,+33 6 88 35 41 88,"832, chemin Aimée Denis, 15416 Legrand"
118,Nathalie,Normand,guyoncolette@examplebank.com,+33 6 04 86 20 87,"197, boulevard Martineau, 61320 Leblanc-la-Forêt"
119,Frédérique,Maillot,joubertclaudine@examplebank.com,+33 6 00 78 73 49,"164, avenue Augustin Millet, 52684 Gilbert-les-Bains"
120,Thierry,Chartier,alvesmargaret@examplebank.com,+33 6 07 80 19 96,"26, chemin Laurent Rousseau, 18955 Diallonec"
121,Auguste,Bernier,leclerceugene@examplebank.com,+33 6 83 93 26 40,"4, avenue Laure Mercier, 39595 Leducboeuf"
122,Denise,Mallet,robertmercier@examplebank.com,+33 6 37 41 84 58,"avenue Stéphane Ledoux, 63781 Saint AudreyBourg"
123,Michelle,Baron,valetteandree@examplebank.com,+33 6 72 00 02 99,"2, chemin Amélie Legrand, 06406 Saint Camille"
124,Stéphane,Morel,pgerard@examplebank.com,+33 6 74 14 98 85,"avenue de Brunel, 80918 Courtoisboeuf"
125,Honoré,Jacob,paulramos@examplebank.com,+33 6 15 53 97 94,"59, chemin Paris, 29790 Boucher"
126,Matthieu,Tessier,evrardamelie@examplebank.com,+33 6 53 50 58 75,"avenue François Martineau, 88150 Maury"
127,François,Alexandre,ztessier@examplebank.com,+33 6 70 52 22 26,"4, rue Édith Mace, 41834 Lambert"
128,Agathe,Hamon,morelstephanie@examplebank.com,+33 6 56 67 16 92,"23, avenue Laurent Morin, 09944 DupuyVille"
129,Éric,Clément,wlenoir@examplebank.com,+33 6 24 20 10 27,"97, rue Boulay, 67656 Rochedan"
130,Claudine,Wagner,lejeunejean@examplebank.com,+33 6 19 38 45 44,"502, boulevard de Dupuis, 37452 Grégoiredan"
131,Luce,Delmas,alphonse77@examplebank.com,+33 6 94 52 39 11,"4, boulevard Hoareau, 63617 Fernandes"
132,Théodore,Bourdon,emmanuel41@examplebank.com,+33 6 60 35 39 32,"9, rue Sauvage, 37167 François"
133,Julien,Allard,rcoste@examplebank.com,+33 6 81 27 73 04,"rue Anastasie Rocher, 15836 Sainte Christophe"
134,Margot,Martins,aimee97@examplebank.com,+33 6 40 03 21 60,"57, avenue de Pruvost, 02746 Bègueboeuf"
135,Mathilde,Robert,manonguillot@examplebank.com,+33 6 91 32 99 00,"95, chemin de Godard, 22910 Pinto"
136,Sabine,Diaz,christiane91@examplebank.com,+33 6 66 65 48 83,"95, avenue Étienne Aubert, 93559 Lucas"
137,Christine,Maurice,le-galljules@examplebank.com,+33 6 42 44 57 05,"88, boulevard de Rolland, 70837 Besson"
138,Roger,Marin,colletjules@examplebank.com,+33 6 66 89 62 06,"700, rue Rocher, 52604 Bodin"
139,Christelle,Bertin,jeanninerenaud@examplebank.com,+33 6 98 96 50 88,"81, rue Dubois, 59731 Saint André"
140,Martin,Charpentier,maryaurore@examplebank.com,+33 6 45 76 49 95,"chemin Nicole Dufour, 82996 Sainte AgnèsVille"
141,Claire,Benoit,ucaron@examplebank.com,+33 6 90 61 66 88,"17, boulevard Olivier Colin, 84495 Simon"
142,Émilie,Lemonnier,fontainejerome@examplebank.com,+33 6 21 51 64 76,"30, chemin de Humbert, 20459 Regnier"
143,Laetitia,Fernandes,williampayet@examplebank.com,+33 6 46 89 42 20,"19, boulevard de Didier, 15526 Berger-sur-Ruiz"
144,Emmanuelle,Loiseau,emmanuellegros@examplebank.com,+33 6 00 97 20 30,"85, rue Georges Richard, 12586 Sainte Charlottedan"
145,Luc,Bouvet,yfaivre@examplebank.com,+33 6 39 64 16 50,"241, rue Brun, 54641 CollinBourg"
146,Thomas,Delattre,margaud70@examplebank.com,+33 6 83 86 57 92,"26, boulevard Yves Lejeune, 90540 Dumas-sur-Allard"
147,Nathalie,Lecoq,charlottelaunay@examplebank.com,+33 6 24 76 85 18,"636, rue de Lambert, 05711 Saint VictoireBourg"
148,Michel,Dos Santos,ymunoz@examplebank.com,+33 6 04 62 52 26,"rue Julie Renault, 53428 Evrard-sur-De Oliveira"
149,Claire,Julien,nguyenmarthe@examplebank.com,+33 6 06 49 34 44,"624, chemin de Camus, 16382 Saint Sabine"
150,Noémi,Blanchard,joseph35@examplebank.com,+33 6 34 18 49 78,"787, chemin Théophile Jourdan, 94977 Leconte-la-Forêt"
151,Franck,Lévêque,lenoiraudrey@examplebank.com,+33 6 15 02 37 29,"78, rue Stéphane Lagarde, 30672 Sauvage"
152,Lucie,Gilles,agnes10@examplebank.com,+33 6 27 64 32 22,"avenue de Lefort, 69228 Durand"
153,Odette,Noël,maggie80@examplebank.com,+33 6 27 51 31 37,"63, chemin Delaunay, 01298 Pires"
154,François,Bazin,davidjacques@examplebank.com,+33 6 51 59 90 14,"40, chemin Chauveau, 20189 Gay"
155,Lucas,Guillot,dominiqueduhamel@examplebank.com,+33 6 77 23 10 85,"rue Auguste Dupont, 25249 Valentinboeuf"
156,Anne,Brunet,jfoucher@examplebank.com,+33 6 54 10 23 86,"54, rue de Brunel, 07327 Wagner"
157,Danielle,Michaud,bjoly@examplebank.com,+33 6 51 39 63 94,"859, chemin de François, 25212 AntoineBourg"
158,Éléonore,Klein,gmartin@examplebank.com,+33 6 59 48 19 83,"99, chemin de Maréchal, 08239 Wagner"
159,Thomas,Boulanger,constance20@examplebank.com,+33 6 23 41 62 87,"89, boulevard Rémy Didier, 95389 Brun"
160,Simone,Reynaud,humbertnicolas@examplebank.com,+33 6 65 05 12 11,"55, avenue de Seguin, 81694 Navarroboeuf"
161,Luce,Guillaume,augustinmace@examplebank.com,+33 6 28 47 42 27,"10, rue de Becker, 65586 SimonVille"
162,Augustin,Maréchal,dfaivre@examplebank.com,+33 6 43 41 20 33,"boulevard de Boucher, 60990 Rodrigues"
163,Julie,Maillard,camuslaurent@examplebank.com,+33 6 80 31 72 23,"293, chemin de Evrard, 55919 Maréchalboeuf"
164,Célina,Pons,dianeleveque@examplebank.com,+33 6 15 99 39 82,"53, rue Astrid Leconte, 90960 Bruneau"
165,Xavier,Marion,isabelle84@examplebank.com,+33 6 34 10 42 65,"boulevard de Gaillard, 10829 Roger"
166,Nathalie,Martinez,nathalie06@examplebank.com,+33 6 22 58 86 73,"22, chemin Matthieu Carlier, 75762 GuilletVille"
167,Édith,Lemonnier,peronbertrand@examplebank.com,+33 6 08 08 84 06,"53, avenue Dominique Ollivier, 87166 Lelièvre"
168,Hortense,Marchand,brigitte56@examplebank.com,+33 6 26 27 69 28,"64, rue Bertrand, 63996 Saint Adèle"
169,Raymond,Girard,wagnerhonore@examplebank.com,+33 6 55 97 24 04,"836, rue Pierre Bailly, 60613 Delmas"
170,David,Imbert,gallard@examplebank.com,+33 6 76 55 52 52,"47, rue Grondin, 29277 Dos Santos"
171,Édith,Guyon,gbernard@examplebank.com,+33 6 94 46 06 42,"5, chemin Benard, 19311 Hernandez"
172,Rémy,Bernier,zfernandes@examplebank.com,+33 6 81 21 83 49,"60, rue de Clerc, 06181 Merle"
173,Gabriel,Joly,arocher@examplebank.com,+33 6 56 27 80 66,"76, boulevard de Delmas, 67966 Salmon"
174,Patrick,Humbert,cmarchal@examplebank.com,+33 6 81 60 25 62,"avenue Capucine Alexandre, 44973 Saint AmélieBourg"
175,Margot,Delahaye,charles33@examplebank.com,+33 6 78 75 98 99,"3, avenue de Delattre, 19701 Texier"
176,Rémy,Martel,camillegermain@examplebank.com,+33 6 80 79 48 80,"388, rue Alexandrie Bigot, 02851 Duval"
177,Jeannine,Hamel,francoise58@examplebank.com,+33 6 46 58 37 19,"4, chemin Henri Barbe, 18695 Klein-les-Bains"
178,Michelle,Leblanc,matthieu08@examplebank.com,+33 6 65 18 92 77,"17, avenue de Benard, 17918 Perrin-sur-Legendre"
179,Frédéric,Fernandes,adelebernard@examplebank.com,+33 6 13 17 33 74,"84, avenue Moreno, 14387 Sainte AliceVille"
180,Gabriel,Schneider,lorrainebourdon@examplebank.com,+33 6 19 20 68 55,"50, boulevard de Traore, 70502 Jacob"
181,Odette,Léger,genevievegomez@examplebank.com,+33 6 00 82 62 70,"chemin Menard, 32906 Baron"
182,Cécile,Michaud,bouchermarthe@examplebank.com,+33 6 13 58 08 00,"57, chemin de Martinez, 46887 Carlier"
183,Denise,Grenier,bboucher@examplebank.com,+33 6 47 41 43 50,"59, avenue Xavier Hoareau, 58595 Charpentiernec"
184,Théophile,Guillon,gilleslegros@examplebank.com,+33 6 15 82 74 52,"75, boulevard Daniel, 93903 RuizVille"
185,Raymond,Da Costa,augerarthur@examplebank.com,+33 6 05 84 11 21,"77, rue Berger, 11542 Aubry"
186,Marthe,Torres,guyotmargaud@examplebank.com,+33 6 17 23 80 15,"chemin Martin Bazin, 51588 Guyon"
187,Margot,Delahaye,valetteemmanuelle@examplebank.com,+33 6 76 29 90 06,"132, chemin Cécile Garcia, 20489 Morvan"
188,Audrey,Caron,emile40@examplebank.com,+33 6 02 44 53 61,"31, chemin Michelle Gay, 53971 Gonzaleznec"
189,Amélie,Boutin,bleclerc@examplebank.com,+33 6 18 40 40 12,"80, boulevard Jean, 51552 Launay-les-Bains"
190,Amélie,Collin,amelie45@examplebank.com,+33 6 47 77 55 83,"588, boulevard Laetitia Richard, 38338 Richard"
191,Joséphine,Rémy,gregoire65@examplebank.com,+33 6 81 16 93 67,"2, boulevard Lelièvre, 17718 Colletnec"
192,Alain,Jacquot,faivreluc@examplebank.com,+33 6 84 89 13 81,"46, boulevard Gilbert Guillaume, 72710 Gomes"
193,Denise,Lefebvre,tanguyalexandrie@examplebank.com,+33 6 88 91 44 05,"5, rue Dorothée Carlier, 05625 Saint Augustenec"
194,Manon,Delattre,mailletbernadette@examplebank.com,+33 6 34 15 14 87,"18, rue de Jean, 35199 Mace"
195,Jeanne,Hoareau,aurorefouquet@examplebank.com,+33 6 93 78 70 86,"7, rue Lucas Hebert, 27364 Legrosdan"
196,Louise,Martel,richardlecomte@examplebank.com,+33 6 74 56 17 99,"93, boulevard Tessier, 05409 Poulain"
197,Matthieu,Brunel,margotribeiro@examplebank.com,+33 6 30 39 40 65,"275, boulevard Charpentier, 94249 Caron-la-Forêt"
198,Aimée,Delannoy,guilloncharlotte@examplebank.com,+33 6 48 91 92 55,"278, boulevard Giraud, 85905 Martin-sur-Seguin"
199,Céline,Munoz,fredericweber@examplebank.com,+33 6 05 21 63 88,"80, rue Andrée Pierre, 19390 Robert"
200,Jean,Legendre,vleblanc@examplebank.com,+33 6 00 73 84 11,"3, rue de Barbe, 95103 Bouchet"
